Activity ID,Activity Date,Activity Name,Activity Type,City,Country,Activity Description,Elapsed Time,Distance,Max Heart Rate,Relative Effort,Commute,Activity Private Note,Activity Gear,Filename,Athlete Weight,Bike Weight,Elapsed Time,Moving Time,Distance,Max Speed,Average Speed,Elevation Gain,Elevation Loss,Elevation Low,Elevation High,Max Grade,Average Grade,Average Positive Grade,Average Negative Grade,Max Cadence,Average Cadence,Max Heart Rate,Average Heart Rate,Max Watts,Average Watts,Calories,Max Temperature,Average Temperature,Relative Effort,Total Work,Number of Runs,Uphill Time,Downhill Time,Other Time,Perceived Exertion,"<span class=""translation_missing"" title=""translation missing: en-US.lib.export.portability_exporter.activities.horton_values.type"">Type</span>","<span class=""translation_missing"" title=""translation missing: en-US.lib.export.portability_exporter.activities.horton_values.start_time"">Start Time</span>",Weighted Average Power,Power Count,Prefer Perceived Exertion,Perceived Relative Effort,Commute,Total Weight Lifted,From Upload,Grade Adjusted Distance,Weather Observation Time,Weather Condition,Weather Temperature,Apparent Temperature,Dewpoint,Humidity,Weather Pressure,Wind Speed,Wind Gust,Wind Bearing,Precipitation Intensity,Sunrise Time,Sunset Time,Moon Phase,Bike,Gear,Precipitation Probability,Precipitation Type,Cloud Cover,Weather Visibility,UV Index,Weather Ozone,"<span class=""translation_missing"" title=""translation missing: en-US.lib.export.portability_exporter.activities.horton_values.jump_count"">Jump Count</span>","<span class=""translation_missing"" title=""translation missing: en-US.lib.export.portability_exporter.activities.horton_values.total_grit"">Total Grit</span>","<span class=""translation_missing"" title=""translation missing: en-US.lib.export.portability_exporter.activities.horton_values.avg_flow"">Avg Flow</span>","<span class=""translation_missing"" title=""translation missing: en-US.lib.export.portability_exporter.activities.horton_values.flagged"">Flagged</span>","<span class=""translation_missing"" title=""translation missing: en-US.lib.export.portability_exporter.activities.horton_values.avg_elapsed_speed"">Avg Elapsed Speed</span>","<span class=""translation_missing"" title=""translation missing: en-US.lib.export.portability_exporter.activities.horton_values.dirt_distance"">Dirt Distance</span>","<span class=""translation_missing"" title=""translation missing: en-US.lib.export.portability_exporter.activities.horton_values.newly_explored_distance"">Newly Explored Distance</span>","<span class=""translation_missing"" title=""translation missing: en-US.lib.export.portability_exporter.activities.horton_values.newly_explored_dirt_distance"">Newly Explored Dirt Distance</span>","<span class=""translation_missing"" title=""translation missing: en-US.lib.export.portability_exporter.activities.horton_values.sport_type"">Sport Type</span>","<span class=""translation_missing"" title=""translation missing: en-US.lib.export.portability_exporter.activities.horton_values.total_steps"">Total Steps</span>",Media
4568671345,"Jan 5, 2021, 12:08:49 AM",Afternoon run,Run,San Francisco,United States,Ferry pier to aquatic cove,1942,4.30,,,false,,,activities/4568671345.gpx,,,1942.0,1118.0,4302.10009765625,15.800000190734900,3.848032236099240,2.114285707473760,1.3142900466918900,0.30000001192092900,4.400000095367430,20.299999237060500,0.01859556883573530,,,,,,,,,372.0688781738280,,,,,,,,,6.0,,,,,0.0,29.0,0.0,,1.0,4326.0,,,,,,,,,,,,,,,,,,,,,,,,,,1.0,,0.0,,,,,
4589644717,"Jan 9, 2021, 1:48:33 AM",Evening run,Run,San Francisco,United States,Ferry pier to Oracle Park,2059,5.04,,,false,,,activities/4589644717.gpx,,,2059.0,1636.0,5046.60009765625,5.0,3.084718942642210,0.0,0.20000000298023200,3.200000047683720,4.5,2.200000047683720,-0.003963064402341840,,,,,,,,,434.25238037109400,,,,,,,,,8.0,,,,,0.0,70.0,0.0,,1.0,5049.0,,,,,,,,,,,,,,,,,,,,,,,,,,,,91.30000305175780,,,,,
9274196948,"Jun 16, 2023, 3:11:21 AM",Lunch run,Run,Tokyo,Japan,From Tsukishima to Harumi,2483,6.18,,,false,"Tuning back into Marathon training after a week of sickness, rest, and settling in Tokyo.",,activities/9274196948.gpx,,,2483.0,2310.0,6180.22998046875,4.762011528015140,2.675424337387090,90.87060546875,89.17060089111330,-7.900000095367430,22.5,49.20771408081060,0.02750706672668460,,,,,,,,,,,,,,,,,,6.0,,,,,0.0,60.0,0.0,,1.0,6715.2998046875,,,,,,,,,,,,,,,,,,,,,,,,,,0.0,2.4890172481536900,0.0,,,,5562.0,
9288341297,"Jun 18, 2023, 9:38:28 AM",Evening Run,Run,Tokyo,Japan,Tokyo Imperial Palace,3731,10.09,,,false,Murakami route,,activities/9288341297.gpx,,,3731.0,3518.0,10092.8603515625,5.696008205413820,2.868919849395750,55.09059143066410,62.39059066772460,10.399999618530300,35.599998474121100,11.637544631958000,-0.0723283588886261,,,,,,,,,872.2633056640630,,,,,,,,,7.0,,,,,0.0,112.0,0.0,,1.0,10141.7001953125,,,,,,,,,,,,,,,,,,,,,,,,,,0.0,2.7051353454589800,0.0,,,,9256.0,
9299786348,"Jun 20, 2023, 8:53:49 AM",Progression run,Run,Tokyo,Japan,Tokyo Imperial Palace,1800,5.78,,,false,,,activities/9299786348.gpx,,,1800.0,1793.0,5782.43017578125,4.478000164031980,3.2250030040741000,39.281776428222700,27.081775665283200,10.5,35.599998474121100,5.305047988891600,0.21098396182060200,,,,,,,,,502.80902099609400,,,,,,,,,8.0,,,,,0.0,77.0,0.0,,1.0,5846.10009765625,,,,,,,,,,,,,,,,,,,,,,,,,,0.0,3.212461233139040,0.0,,,,4834.0,
9313553963,"Jun 22, 2023, 12:21:16 PM",Interval run,Run,Tokyo,Japan,Sumida Park next to Sensoji in rainy Tokyo,1021,3.29,,,false,,,activities/9313553963.gpx,,,1021.0,901.0,3292.10009765625,5.409999847412110,3.6538290977478000,0.0,-0.10000000149011600,7.199999809265140,8.100000381469730,1.6849206686019900,0.003037574701011180,,,,,,,,,283.32623291015600,,,,,,,,,6.0,,,,,0.0,23.0,0.0,,1.0,3294.199951171880,,,,,,,,,,,,,,,,,,,,,,,,,,0.0,3.2243878841400100,0.0,,,,2502.0,media/937E67D9-C3CA-4957-AFAA-69E494B39386.jpg|media/B3800EB7-B895-42AF-AEFD-C535CA5980D8.jpg|media/FB563D1C-8955-47F7-9503-C222F652165D.jpg
9324674030,"Jun 24, 2023, 9:45:46 AM",Evening run,Run,Tokyo,Japan,Minamisuna to Yumenoshima Park,5597,7.24,,,false,,,activities/9324674030.gpx,,,5597.0,2919.0,7242.60009765625,4.525976657867430,2.481192111968990,35.42388153076170,31.62388038635250,-0.800000011920929,16.200000762939500,26.002222061157200,0.05246734619140630,,,,,,,,,635.3897705078130,,,,,,,,,6.0,,,,,0.0,77.0,0.0,,1.0,7387.60009765625,1687597184.0,3.0,26.100000381469700,28.06999969482420,20.5,0.7099999785423280,1012.9000244140600,2.809999942779540,6.090000152587890,161.0,0.0,1687548416.0,1687600768.0,0.125,,,0.25,5.0,0.9100000262260440,25618.9296875,0.0,,,,,0.0,1.2940146923065200,0.0,,,,6602.0,media/90347ED6-7DAD-4D60-BAC9-A7D9B54DA50F.jpg|media/6D5C7A18-554B-43D6-B1CA-3C26F956C1C4.jpg
9330964094,"Jun 25, 2023, 8:42:44 AM",Evening run,Run,Tokyo,Japan,Minamisuna to Odaiba beach to Tsukishima,6608,15.00,,,false,First 15km. Around 5 more and we reach Half Marathon. Itâ€™s feeling reachable.,,activities/9330964094.gpx,,,6608.0,6320.0,15007.9697265625,5.720117092132570,2.37467885017395,88.01143646240230,75.71144104003910,1.0,19.299999237060500,48.740806579589800,0.08195645362138750,,,,,,,,,1312.2093505859400,,,,,,,,,8.0,,,,,0.0,272.0,0.0,,1.0,15256.900390625,1687680000.0,1.0,28.190000534057600,30.100000381469700,19.959999084472700,0.6100000143051150,1013.0599975585900,4.519999980926510,7.260000228881840,180.0,0.0,1687634816.0,1687687168.0,0.125,,,0.07000000029802320,5.0,0.20000000298023200,22944.6796875,1.0,,,,,0.0,2.27118182182312,0.0,,,,13454.0,
9342845532,"Jun 27, 2023, 9:15:35 AM",Evening Run,Run,Tokyo,Japan,Tokyo Skytree to Arakawa River,1878,5.39,,,false,,,activities/9342845532.gpx,,,1878.0,1793.0,5395.64013671875,4.262011528015140,3.0092806816101100,11.300606727600100,12.300600051879900,1.2999999523162800,10.300000190734900,8.23723316192627,-0.018533481284976000,,,,,,,,,466.1181945800780,,,,,,,,,6.0,,,,,0.0,47.0,0.0,,1.0,5419.5,1687856384.0,3.0,26.829999923706100,29.260000228881800,21.479999542236300,0.7300000190734860,1013.6699829101600,3.890000104904180,8.3100004196167,184.0,0.0,1687807616.0,1687860096.0,0.375,,,0.0,1.0,0.9399999976158140,24968.69921875,0.0,,,,,0.0,2.873077869415280,0.0,,,,4634.0,media/75F4F095-C929-433E-A50C-E03474820525.jpg|media/42FB802E-5037-44F7-AEF4-2ACA43948D07.jpg|media/7050B680-0881-4AEE-A736-41B781FD344B.jpg
9356641209,"Jun 29, 2023, 11:24:28 AM",Night Run,Run,Tokyo,Japan,Shibuya and Harujuku with Midnight Runners Tokyo,7048,4.05,,,false,,,activities/9356641209.gpx,,,7048.0,3781.0,4053.639892578130,5.031005859375,1.0721079111099200,25.811241149902300,28.91124153137210,22.799999237060500,46.099998474121100,27.27536964416500,-0.07647448033094410,,,,,,,,,354.7813415527340,,,,,,,,,7.0,,,,,0.0,120.0,0.0,,1.0,4125.0,1688036352.0,3.0,27.079999923706100,29.649999618530300,21.75,0.7300000190734860,1005.510009765630,2.5899999141693100,6.019999980926510,147.0,0.0,1687980544.0,1688032896.0,0.375,,,0.4399999976158140,1.0,0.8600000143051150,23468.83984375,0.0,,,,,0.0,0.5751475691795350,0.0,,,,4384.0,media/12B701A8-CAAE-44CF-87A6-5D22B66FC912.jpg|media/8A0A57F0-E258-4765-A516-70A47BF63F29.jpg|media/012F6F34-27E0-4E4A-87F8-A0A491DF8FB2.jpg
9371825904,"Jul 2, 2023, 1:41:44 AM",Morning Run,Run,Tokyo,Japan,Sumida River,819,2.22,,,false,Left inner knee feeling some tension,,activities/9371825904.gpx,,,819.0,788.0,2226.8798828125,3.956005811691280,2.8259897232055700,5.561099529266360,4.461099624633790,7.300000190734860,11.199999809265100,9.049933433532720,0.049396466463804200,,,,,,,,,192.62261962890600,,,,,,,,,2.0,,,,,0.0,3.0,0.0,,1.0,2239.60009765625,1688259584.0,1.0,28.65999984741210,31.350000381469700,21.68000030517580,0.6600000262260440,1008.1799926757800,2.440000057220460,4.5,55.0,0.0,1688239744.0,1688292096.0,0.375,,,0.6200000047683720,5.0,0.20000000298023200,26793.1796875,7.0,,,,,0.0,2.7190229892730700,0.0,,,,2098.0,media/E1C324AE-457A-4B87-8A1D-E3BDDEC670F9.jpg|media/6C81110C-39A0-4315-AED4-BB9D1E4487A3.jpg
9380301542,"Jul 3, 2023, 11:21:15 AM",Night Run,Run,Tokyo,Japan,Harujuku with 080Tokyo,2711,4.37,,,false,,,activities/9380301542.gpx,,,2711.0,1499.0,4371.8701171875,14.029980659484900,2.9165244102478000,36.838443756103500,40.838443756103500,24.799999237060500,43.5,49.701499938964800,-0.09149402379989620,,,,,,,,,383.8691101074220,,,,,,,,,3.0,,,,,0.0,12.0,0.0,,1.0,4463.2001953125,1688381952.0,3.0,25.899999618530300,28.670000076293900,22.469999313354500,0.8100000023841860,1004.719970703130,2.4200000762939500,5.340000152587890,162.0,0.0,1688326144.0,1688378496.0,0.5,,,0.46000000834465000,5.0,0.7799999713897710,21022.880859375,0.0,,,,,0.0,1.6126410961151100,0.0,,,,3958.0,media/FDF5A3EC-5412-4822-8DB0-B2FF8CAF22F0.jpg|media/139613DC-6BD0-4D79-A5A6-9467C87BE6FB.jpg|media/61DFD6BC-2BFB-45F2-8C5B-771A5FBD491E.jpg
9408904902,"Jul 7, 2023, 2:02:50 PM",Night run,Run,Tokyo,Japan,Sumida River,1300,3.51,,,false,,,activities/9408904902.gpx,,,1300.0,1214.0,3517.590087890630,4.027978420257570,2.8975207805633500,8.052631378173830,8.652631759643560,8.100000381469730,16.5,23.102319717407200,-0.017057131975889200,,,,,,,,,304.1744689941410,,,,,,,,,3.0,,,,,0.0,10.0,0.0,,1.0,3536.60009765625,1688738432.0,3.0,25.6200008392334,28.290000915527300,22.299999237060500,0.8199999928474430,1009.3800048828100,5.570000171661380,10.779999732971200,184.0,0.0,1688671872.0,1688723968.0,0.625,,,0.0,1.0,0.9900000095367430,22318.91015625,0.0,,,,,0.0,2.705838441848760,0.0,,,,3314.0,
9417063457,"Jul 9, 2023, 6:56:03 AM",Evening run,Run,Tokyo,Japan,Sumida River and Arakawa River,8526,20.07,,,false,,,activities/9417063457.gpx,,,8526.0,8390.0,20077.669921875,4.719995021820070,2.393047571182250,87.50041198730470,88.10040283203130,-0.800000011920929,17.5,49.99812316894530,-0.002988394582644110,,,,,,,,,1754.68408203125,,,,,,,,,7.0,,,,,0.0,268.0,0.0,,1.0,20401.5,1688882432.0,3.0,30.920000076293900,35.75,24.920000076293900,0.699999988079071,1004.6900024414100,5.829999923706060,11.699999809265100,210.0,0.0,1688844800.0,1688896768.0,0.75,,,0.4399999976158140,5.0,0.8999999761581420,25396.630859375,4.0,,,,,0.0,2.3548755645752000,7.5,,,,19342.0,media/2E84BC62-713F-4DF3-9BBB-065F7F48D2E4.jpg|media/F4CBA56E-836A-4FF1-8A93-3CCB1589B791.jpg|media/AA957C31-0E31-4409-8B12-FCC2DC49FD9E.jpg
9423923407,"Jul 10, 2023, 12:04:37 PM",Night Run,Run,Tokyo,Japan,,674,1.85,,,false,,,activities/9423923407.gpx,,,674.0,653.0,1856.68994140625,5.830004692077640,2.843322992324830,0.0,-0.10000000149011600,8.199999809265140,10.800000190734900,15.69996166229250,0.00538592878729105,,,,,,,,,160.67079162597700,,,,,,,,,3.0,,,,,0.0,5.0,0.0,,1.0,1868.0999755859400,1688990464.0,2.0,28.770000457763700,32.54999923706060,23.780000686645500,0.7400000095367430,1006.469970703130,3.0799999237060500,7.960000038146970,248.0,0.0,1688931200.0,1688983168.0,0.875,,,0.3700000047683720,5.0,0.4099999964237210,23906.4296875,0.0,,,,,0.0,2.754732847213750,0.0,,,,1768.0,
9443617150,"Jul 13, 2023, 1:02:37 PM",Interval Run,Run,Tokyo,Japan,,1340,4.44,,,false,,,activities/9443617150.gpx,,,1340.0,1320.0,4446.919921875,6.960000038146970,3.3688788414001500,0.0,0.10000000149011600,8.199999809265140,9.300000190734860,2.115666151046750,-0.002248747507110240,,,,,,,,,382.5876159667970,,,,,,,,,10.0,,,,,0.0,80.0,0.0,,1.0,4448.2998046875,1689253248.0,3.0,27.270000457763700,30.170000076293900,22.43000030517580,0.75,1007.8200073242200,1.440000057220460,3.9100000858306900,332.0,0.0,1689190528.0,1689242240.0,0.875,,,0.3799999952316280,5.0,0.9300000071525570,16101.5,0.0,,,,,0.0,3.318596839904790,0.0,,,,3524.0,
9462747296,"Jul 16, 2023, 1:08:21 PM",Night Run,Run,Tokyo,Japan,,5127,14.00,,,false,,,activities/9462747296.gpx,,,5127.0,5077.0,14007.830078125,9.255078315734860,2.7590763568878200,55.402469635009800,55.802467346191400,9.800000190734860,35.599998474121100,36.85515594482420,-0.0028555458411574400,,,,,,,,,1215.99267578125,,,,,,,,,7.0,,,,,0.0,162.0,0.0,,1.0,14138.2001953125,1689512448.0,1.0,27.459999084472700,30.969999313354500,23.600000381469700,0.7900000214576720,1011.7000122070300,2.4000000953674300,4.230000019073490,178.0,0.0,1689449856.0,1689501440.0,0.0,,,0.0,1.0,0.20999999344348900,25091.330078125,0.0,,,,,0.0,2.7321689128875700,0.0,,,,11978.0,
9467227174,"Jul 17, 2023, 9:27:15 AM",Evening Run,Run,Tokyo,Japan,,5237,5.75,,,false,,,activities/9467227174.gpx,,,5237.0,2044.0,5750.43017578125,4.315997123718260,2.813322067260740,37.19630432128910,45.59630584716800,11.100000381469700,34.79999923706060,20.970178604126000,-0.1460760235786440,,,,,,,,,503.22186279296900,,,,,,,,,6.0,,,,,0.0,53.0,0.0,,1.0,5850.89990234375,1689584384.0,1.0,33.08000183105470,37.040000915527300,23.010000228881800,0.5600000023841860,1012.3400268554700,3.450000047683720,7.389999866485600,159.0,0.0,1689536256.0,1689587840.0,0.0,,,0.0,1.0,0.11999999731779100,27186.990234375,0.0,,,,,0.0,1.0980390310287500,0.0,,,,5902.0,media/827F6809-8410-4EA1-9FC8-D903E03BF397.jpg|media/139FEC58-F308-4D98-8425-2A6590E5693F.jpg
9497257536,"Jul 22, 2023, 3:37:10 AM",Afternoon Run,Run,Tokyo,Japan,,1043,2.53,,,false,Tight and mentally not fit,,activities/9497257536.gpx,,,1043.0,755.0,2535.64990234375,7.849999904632570,3.3584766387939500,10.463393211364700,10.663393020629900,6.099999904632570,13.800000190734900,41.353485107421900,-0.007887524552643300,,,,,,,,,220.23106384277300,,,,,,,,,4.0,,,,,0.0,8.0,0.0,,1.0,2560.60009765625,1689994752.0,2.0,30.93000030517580,33.369998931884800,20.68000030517580,0.5400000214576720,1017.3200073242200,2.5,5.679999828338620,72.0,0.0,1689968512.0,1690019584.0,0.125,,,0.0,1.0,0.47999998927116400,28963.66015625,7.0,,,,,0.0,2.431112051010130,0.0,,,,1914.0,
9505119805,"Jul 23, 2023, 8:33:22 AM",Evening Run,Run,Tokyo,Japan,,6102,16.08,,,false,Wanted to do 25km but DNF. Legs accumulated acid. Felt too heavy and sore to continue. Also didnâ€™t wear glasses. Bit disappointing considering it is half way of the training program.,,activities/9505119805.gpx,,,6102.0,5796.0,16083.099609375,6.273999214172360,2.7748618125915500,69.92377471923830,75.0237808227539,-2.9000000953674300,14.699999809265100,43.760684967041000,-0.03171030431985860,,,,,,,,,1408.2969970703100,,,,,,,,,8.0,,,,,0.0,249.0,0.0,,1.0,16374.099609375,,,,,,,,,,,,,,,,,,,,,,,,,,0.0,2.635709524154660,0.0,,,,14888.0,media/889F8E2D-7A66-483D-BC23-1BA3F75717CE.jpg|media/80C8E339-57F5-43A7-874F-74B611E80B46.jpg|media/22EA6A36-5B9C-4E2C-A6A8-4C72036D978A.jpg
9518612176,"Jul 25, 2023, 1:21:06 PM",Interval Run,Run,Tokyo,Japan,,1762,5.00,,,false,,,activities/9518612176.gpx,,,1762.0,1707.0,5007.990234375,7.46750020980835,2.9337961673736600,0.0,0.20000000298023200,8.0,9.5,2.066112995147710,-0.003993617836385970,,,,,,,,,430.90667724609400,,,,,,,,,7.0,,,,,0.0,54.0,0.0,,1.0,5010.10009765625,,,,,,,,,,,,,,,,,,,,,,,,,,0.0,2.842219114303590,0.0,,,,4364.0,
9530932880,"Jul 27, 2023, 11:39:11 AM",Night Run,Run,Tokyo,Japan,,2340,5.07,,,false,,,activities/9530932880.gpx,,,2340.0,2000.0,5070.60986328125,4.3680009841918900,2.5353050231933600,9.742105484008790,9.3421049118042,8.300000190734860,13.800000190734900,8.271238327026370,0.007888597436249260,,,,,,,,,437.9507141113280,,,,,,,,,3.0,,,,,0.0,16.0,0.0,,1.0,5092.0,,,,,,,,,,,,,,,,,,,,,,,,,,0.0,2.1669273376464800,0.0,,,,5062.0,media/B237CAD0-204A-441B-AF78-A0A7C9E5B5CB.jpg|media/64CB89F2-6427-4F1B-A221-AE1F619DBC13.jpg
9555666186,"Jul 31, 2023, 9:39:03 AM",Night Run,Run,Tokyo,Japan,,11939,14.03,,,false,Been starving myself the past few long runs. Realize I desperately need food before hand to sustain through them. Otherwise I have enough breath and stamina but the run still becomes sluggish. They call it â€˜rungryâ€™?,,activities/9555666186.gpx,,,11939.0,6046.0,14029.349609375,21.70562744140630,2.320435047149660,68.301025390625,70.10099792480470,6.0,36.099998474121100,17.019390106201200,-0.012830245308578000,,,,,,,,,1217.46337890625,,,,,,,,,8.0,,,,,0.0,260.0,0.0,,1.0,14155.2998046875,,,,,,,,,,,,,,,,,,,,,,,,,,0.0,1.1750857830047600,0.0,,,,13362.0,media/6E5A085A-F99B-47ED-8AFE-DA6A5F1A865C.jpg
9598350905,"Aug 7, 2023, 7:43:28 AM",Evening Run,Run,Tokyo,Japan,,2562,6.00,,,false,,,activities/9598350905.gpx,,,2562.0,2539.0,6001.259765625,8.043999671936040,2.363631248474120,22.78849983215330,27.488500595092800,6.5,17.799999237060500,23.928911209106400,-0.07831688970327380,,,,,,,,,525.454833984375,,,,,,,,,8.0,,,,,0.0,109.0,0.0,,1.0,6109.39990234375,,,,,,,,,,,,,,,,,,,,,,,,,,0.0,2.342411994934080,0.0,,,,5318.0,
9618696804,"Aug 10, 2023, 9:12:20 AM",Evening Run,Run,Tokyo,Japan,,1810,3.59,,,false,,,activities/9618696804.gpx,,,1810.0,1783.0,3595.570068359380,7.123999118804930,2.0165843963623000,9.26196575164795,12.661965370178200,6.5,18.0,32.480350494384800,-0.09456080198287960,,,,,,,,,317.7292785644530,,,,,,,,,,,,,,,,0.0,,1.0,3694.199951171880,,,,,,,,,,,,,,,,14380849.0,,,,,,,,,,0.0,1.986502766609190,0.0,,,,3064.0,
9637172158,"Aug 13, 2023, 7:05:16 AM",Afternoon Run,Run,Norberibetsu,Japan,Onsen to Hell Valley to foot bath,3882,5.86,,,false,Raining in Norboribetsu. Buy a better rain jacket. Holding iPhone to record this is not great,,activities/9637172158.gpx,,,3882.0,3073.0,5865.0,4.276025295257570,1.9085583686828600,170.20928955078100,170.90899658203100,155.10000610351600,278.0,47.4521598815918,-0.011935208924114700,,,,,,,,,569.7401733398440,,,,,,,,,5.0,,,,,0.0,55.0,0.0,,1.0,6624.2998046875,,,,,,,,,,,,,,,,14380849.0,,,,,,,,,,0.0,1.5108191967010500,606.0999755859380,,,,6728.0,media/AC695F87-E58F-4D62-99F7-DB73C1E9D77E.jpg|media/2F6EAA52-2E7D-4A1F-B3DA-61D02D5135E8.jpg|media/BB100AD0-B0B1-435D-AEDF-37873DF92CA6.jpg|media/03869047-3EC7-450D-9CFD-6A9D5C8F83D5.jpg|media/037ED57E-AD39-4819-B075-441E3A021DE0.jpg
9656293645,"Aug 15, 2023, 11:46:34 PM",Morning Run,Run,Sapporo,Japan,Toyohira River,3591,9.01,,,false,"No coffee before run, please. Coffee cramps.",,activities/9656293645.gpx,,,3591.0,3127.0,9016.7001953125,6.121972560882570,2.8834986686706500,23.120454788208000,23.120500564575200,9.399999618530270,25.399999618530300,43.801300048828100,0.0,,,,,,,,,781.20703125,,,,,,,,,8.0,,,,,0.0,134.0,0.0,,1.0,9083.0,,,,,,,,,,,,,,,,14380849.0,,,,,,,,,,0.0,2.510916233062740,894.2000122070310,,,,7908.0,media/E47CDC48-0913-47FA-A82C-E9F991F473F8.jpg
9671749482,"Aug 18, 2023, 10:35:07 AM",Evening Run,Run,Hong Kong,Hong Kong,,1531,5.13,,,false,,,activities/9671749482.gpx,,,1531.0,1531.0,5132.7900390625,5.321972846984860,3.3525733947753900,27.4523983001709,29.95240020751950,10.399999618530300,18.5,11.618209838867200,-0.048706453293561900,,,,,,,,,446.2418212890630,,,,,,,,,7.0,,,,,0.0,48.0,0.0,,1.0,5188.39990234375,,,,,,,,,,,,,,,,14380849.0,,,,,,,,,,0.0,3.3525733947753900,0.0,,,,4120.0,media/D4EF0FC9-F475-43D3-96D7-0B6BF0AEA12A.jpg
9709410893,"Aug 24, 2023, 1:40:02 AM",Morning Run,Run,Hong Kong,Hong Kong,,4039,6.55,,,false,Palantir rejected me. Tried 3 times to complete the interval run. But canâ€™t get to it. Lonely on the walk home.,,activities/9709410893.gpx,,,4039.0,2988.0,6558.240234375,6.08203125,2.194859504699710,62.670509338378900,67.87051391601560,5.099999904632570,45.0,32.37944793701170,-0.07928956300020220,,,,,,,,,582.20263671875,,,,,,,,,7.0,,,,,0.0,95.0,0.0,,1.0,6769.2001953125,,,,,,,,,,,,,,,,14380849.0,,,,,,,,,,0.0,1.6237287521362300,1426.0,,,,6340.0,
9722215320,"Aug 26, 2023, 7:47:14 AM",Afternoon Run,Run,Hong Kong,Hong Kong,,799,2.30,,,false,,,activities/9722215320.gpx,,,799.0,796.0,2303.14990234375,3.8320000171661400,2.893404483795170,11.674707412719700,13.374707221984900,10.399999618530300,18.299999237060500,10.810811996460000,-0.07381195574998860,,,,,,,,,200.14828491210900,,,,,,,,,4.0,,,,,0.0,8.0,0.0,,1.0,2327.10009765625,,,,,,,,,,,,,,,,14380849.0,,,,,,,,,,0.0,2.882540464401250,0.0,,,,2070.0,
9729922038,"Aug 27, 2023, 8:06:47 AM",Evening Run,Run,Hong Kong,Hong Kong,,10800,24.03,,,false,12 laps of run and 2-3 laps of walk. Run slower. Rest longer. Maybe minus the heat + no water weight + supplements on race day will benefit me several more kilometers,,activities/9729922038.gpx,,,10800.0,9594.0,24037.470703125,5.636666774749760,2.5054690837860100,191.8746795654300,147.97467041015600,10.399999618530300,83.80000305175780,23.131189346313500,0.18263152241706800,,,,,,,,,2099.2734375,,,,,,,,,10.0,,,,,0.0,586.0,0.0,,1.0,24408.0,,,,,,,,,,,,,,,,14380849.0,,,,,,,,,,0.0,2.225691795349120,0.0,,,,24412.0,
9740369425,"Aug 29, 2023, 2:57:37 AM",Lunch Run,Run,Hong Kong,Hong Kong,,780,1.77,,,false,,,activities/9740369425.gpx,,,780.0,627.0,1771.449951171880,3.789990186691280,2.8252789974212600,9.23697280883789,9.036972999572750,10.399999618530300,18.399999618530300,11.32404613494870,0.011290186084806900,,,,,,,,,154.10841369628900,,,,,,,,,3.0,,,,,0.0,5.0,0.0,,1.0,1791.800048828130,,,,,,,,,,,,,,,,14380849.0,,,,,,,,,,0.0,2.271089792251590,0.0,,,,1618.0,
9765824882,"Sep 2, 2023, 5:48:01 AM",Carrera de tarde,Run,Buenos Aires,Argentina,,568,1.69,,,false,,,activities/9765824882.gpx,,,568.0,543.0,1697.4200439453100,4.937994480133060,3.1260037422180200,9.440206527709960,8.840206146240230,10.399999618530300,18.399999618530300,18.099546432495100,0.03534776344895360,,,,,,,,,147.87286376953100,,,,,,,,,7.0,,,,,0.0,17.0,0.0,,1.0,1719.300048828130,,,,,,,,,,,,,,,,14380849.0,,,,,,,,,,0.0,2.988415479660030,0.0,,,,1434.0,
9808078789,"Sep 8, 2023, 11:41:01 AM",Carrera de maÃ±ana,Run,Buenos Aires,Argentina,,3750,8.37,,,false,,,activities/9808078789.gpx,,,3750.0,3051.0,8373.48046875,8.352002143859860,2.7445034980773900,54.820701599121100,57.02069854736330,10.300000190734900,43.900001525878900,42.44009780883790,-0.026273423805832900,,,,,,,,,742.2283935546880,,,,,,,,,,,,,,,,0.0,,1.0,8629.7998046875,,,,,,,,,,,,,,,,14380849.0,,,,,,,,,,0.0,2.2329280376434300,964.7999877929690,,,,7992.0,media/5352D9DC-23B4-4E4E-AC3F-4FCB5FC6F65F.jpg|media/DC32AE2E-C35F-4D53-8756-1EEF9D881941.jpg|media/86EA8119-9E43-4859-961F-F2DB5510E599.jpg|media/DBDF8FAF-C7AC-49CA-8CA8-14E195195B19.jpg|media/95643BEE-CF9B-490F-B27A-2C818A529771.jpg
9817639122,"Sep 9, 2023, 9:32:29 PM",Carrera de noche,Run,Colon,Argentina,Colon by the Rio Uruguay,3080,8.39,,,false,,,activities/9817639122.gpx,,,3080.0,3033.0,8392.740234375,4.108007907867430,2.767141580581670,41.18278884887700,39.9827880859375,7.800000190734860,27.799999237060500,11.588899612426800,0.014298071153461900,,,,,,,,,727.2716674804690,,,,,,,,,8.0,,,,,0.0,130.0,0.0,,1.0,8455.900390625,,,,,,,,,,,,,,,,14380849.0,,,,,,,,,,0.0,2.7249157428741500,6728.7001953125,,,,7526.0,media/E5C833EF-A5CA-47BC-AD74-0FB7DFFA8EF7.jpg|media/7ADFBD06-D7A5-4A9A-BF85-BC5E916CE332.jpg|media/9146C359-5D9E-4694-A5E6-0C20B2CE607A.jpg|media/063425A8-9BC2-4E3C-99AC-2314312624AE.jpg|media/623145E9-D350-49FA-9A6F-7D7F2765880D.jpg|media/303E8074-6AB6-44F8-8322-F11D7ADA26F0.jpg|media/713F8E83-D7BD-4951-897D-2018085A8B92.jpg
9837656156,"Sep 12, 2023, 9:32:12 PM",Carrera de noche,Run,Buenos Aires,Argentina,Ecological reserve and San Telmo,3269,8.34,,,false,,,activities/9837656156.gpx,,,3269.0,3127.0,8342.759765625,6.245999336242680,2.667975664138790,59.9777946472168,61.677791595459000,5.900000095367430,36.400001525878900,17.756988525390600,-0.02037695050239560,,,,,,,,,731.22802734375,,,,,,,,,7.0,,,,,0.0,99.0,0.0,,1.0,8501.900390625,,,,,,,,,,,,,,,,14380849.0,,,,,,,,,,0.0,2.5520830154418900,215.89999389648400,,,,7102.0,media/DBF8FD58-65F4-4901-AFFD-F0FBF6A7CFFF.jpg|media/764455FC-2F70-42D3-A236-5874786474A2.jpg|media/6D2463C9-EE4C-458B-87DD-FC6D330E2D84.jpg
9847875873,"Sep 14, 2023, 12:15:36 PM",Carrera a la hora del almuerzo,Run,Buenos Aires,Argentina,,3071,5.20,,,false,,,activities/9847875873.gpx,,,3071.0,2797.0,5205.31005859375,5.579980373382570,1.861033320426940,29.147443771362300,33.54744338989260,8.0,36.900001525878900,33.55543518066410,-0.08452906459569930,,,,,,,,,462.4886779785160,,,,,,,,,,,,,,,,0.0,,1.0,5377.2998046875,,,,,,,,,,,,,,,,14380849.0,,,,,,,,,,0.0,1.6949886083602900,1931.800048828130,,,,5410.0,media/D075AD61-71C2-4B15-B674-B0A87E14A0ED.jpg|media/8B5C627C-882F-4F3C-AEA3-4057F432209B.jpg
9856255886,"Sep 15, 2023, 8:11:16 PM",Carrera de noche,Run,Buenos Aires,Argentina,,2639,6.25,,,false,,,activities/9856255886.gpx,,,2639.0,2363.0,6255.330078125,6.498046875,2.647198438644410,35.37327194213870,32.87327194213870,7.699999809265140,29.0,19.08941078186040,0.0399659164249897,,,,,,,,,549.3993530273440,,,,,,,,,5.0,,,,,0.0,42.0,0.0,,1.0,6387.7998046875,,,,,,,,,,,,,,,,14380849.0,,,,,,,,,,0.0,2.3703410625457800,2443.89990234375,,,,6242.0,media/08D5FEEB-1191-46C8-94E3-336A22271663.jpg
9880450534,"Sep 19, 2023, 3:48:32 PM",Carrera de tarde,Run,Buenos Aires,Argentina,,381,1.31,,,false,,,activities/9880450534.gpx,,,381.0,370.0,1315.0999755859400,13.384000778198200,3.554324150085450,18.560535430908200,22.860536575317400,13.699999809265100,34.70000076293950,6.833713054656980,-0.3269713521003720,,,,,,,,,112.64415740966800,,,,,,,,,,,,,,,,0.0,,1.0,1309.699951171880,,,,,,,,,,,,,,,,14380849.0,,,,,,,,,,0.0,3.4517059326171900,0.0,,,,954.0,
9886259415,"Sep 20, 2023, 12:09:26 PM",Carrera de maÃ±ana,Run,Buenos Aires,Argentina,,2682,7.49,,,false,,,activities/9886259415.gpx,,,2682.0,2547.0,7492.669921875,6.723925590515140,2.941762924194340,29.360288619995100,30.360288619995100,9.600000381469730,29.0,15.679413795471200,-0.01334637776017190,,,,,,,,,653.0986938476560,,,,,,,,,,,,,,,,0.0,,1.0,7593.5,,,,,,,,,,,,,,,,14380849.0,,,,,,,,,,0.0,2.793687582015990,3651.300048828130,,,,6702.0,
9905294383,"Sep 23, 2023, 2:07:21 PM",Carrera a la hora del almuerzo,Run,Buenos Aires,Argentina,Shakeout before marathon tomorrow,1591,3.93,,,false,,,activities/9905294383.gpx,,,1591.0,1442.0,3935.300048828130,8.237988471984860,2.7290568351745600,92.01009368896480,95.71009063720700,0.4000000059604650,43.900001525878900,42.26415252685550,-0.0940207839012146,,,,,,,,,385.95050048828100,,,,,,,,,,,,,,,,0.0,,1.0,4487.39990234375,,,,,,,,,,,,,,,,14380849.0,,,,,,,,,,0.0,2.473475933074950,101.19999694824200,,,,3758.0,media/BCEDD5FC-88FC-4B7B-8E17-4ACA07391DFF.jpg
9940179854,"Sep 28, 2023, 11:29:41 PM",Buenos Aires Marathon ðŸ‡¦ðŸ‡·,Run,Buenos Aires,Argentina,"i didnâ€™t get to track my marathon but just wanted to record it here for memories! Since May, Iâ€™ve trained in Hong Kong and Japan for this dayâ€¦ still canâ€™t believe it!",10,0,,,false,,,activities/9940179854.gpx,,,10.0,0.0,0.0,0.0,0.0,0.0,0.0,33.29999923706060,33.29999923706060,0.0,0.0,,,,,,,,,0.0,,,,,,,,,,,,,,0.0,,0.0,,1.0,0.0,,,,,,,,,,,,,,,,14380849.0,,,,,,,,,,0.0,0.0,0.0,,,,,media/F869C807-1FC7-4949-8E74-84A3942B627A.jpg|media/F3C6A885-875F-4C8B-8D69-498A09779835.jpg|media/4B927036-9EE4-45A4-B9CA-98B93BCF693D.jpg|media/289B56E9-E580-42BE-A0DC-D93EF3D391B7.jpg|media/0977AE65-A490-4BD9-9876-804B7375C133.jpg|media/2FEA5EE5-EA21-4AAC-A764-4D2DDA6BF112.jpg|media/9C0250C3-8CD7-44B6-9450-0215DA35C8A0.jpg|media/64B9961B-84A4-476F-8841-1F636F42D1F9.jpg|media/F67435CA-F84C-41C5-8203-DCFA036EAFB4.jpg
9942755890,"Sep 29, 2023, 11:44:11 AM",Carrera de maÃ±ana,Run,Buenos Aires,Argentina,,2358,5.17,,,false,,,activities/9942755890.gpx,,,2358.0,1885.0,5178.43994140625,7.394000053405760,2.747183084487920,23.28476905822750,24.584768295288100,8.0,32.0,19.925207138061500,-0.025104084983468100,,,,,,,,,449.8111572265630,,,,,,,,,4.0,,,,,0.0,20.0,0.0,,1.0,5229.89990234375,,,,,,,,,,,,,,,,14380849.0,,,,,,,,,,0.0,2.196115255355840,1581.4000244140600,,,,4970.0,
9957271222,"Oct 1, 2023, 2:34:29 PM",Carrera de tarde,Run,Buenos Aires,Argentina,,10382,4.88,,,false,,,activities/9957271222.gpx,,,10382.0,1767.0,4888.60986328125,12.85200023651120,2.766615629196170,14.499550819397000,28.69955062866210,8.899999618530270,29.0,12.98705768585210,-0.2904711365699770,,,,,,,,,426.4944763183590,,,,,,,,,,,,,,,,0.0,,1.0,4958.7998046875,,,,,,,,,,,,,,,,14380849.0,,,,,,,,,,0.0,0.47087362408638,2130.300048828130,,,,4240.0,media/3387ACD2-5331-42EB-B7F1-AF45F2B026AF.jpg|media/B7F029B3-3AC1-4727-A32D-7027F498D2D1.jpg|media/8D266D05-27A5-4A05-9F45-FDCBAB29914B.jpg|media/DAAA9698-0355-4332-BC73-4034148BA95C.jpg
10008725932,"Oct 9, 2023, 5:48:39 PM",ExcursiÃ³n de tarde,Hike,Aconcagua,Argentina,"Aconcagua base camp trail half. 20km from Chile. Drove from Mendoza, Argentina",10996,8.32,,,true,,,activities/10008725932.gpx,,,10996.0,7478.0,8320.1103515625,4.551953315734860,1.1126116514205900,207.4596710205080,221.05999755859400,2861.5,3066.300048828130,32.109901428222700,-0.16345937550067900,,,,,,,,,715.5927124023440,,,,,,,,,5.0,,,,,0.0,135.0,1.0,,1.0,,,,,,,,,,,,,,,,,14380849.0,,,,,,,,,,0.0,0.75664883852005,8028.2998046875,,,,,media/57794146-4C8E-4775-9C5B-8BF76DCDDCDE.jpg|media/2B03CF73-CCD1-46ED-8D1D-4D2513DF6DE4.jpg|media/BA552D66-426E-4122-8143-C56CD42FCC57.jpg|media/8F9CCDE1-8677-49E8-AE26-AFEFC97B8A64.jpg
10013073226,"Oct 10, 2023, 1:38:13 PM",Carrera a la hora del almuerzo,Run,Mendoza,Argentina,,2013,3.01,,,false,,,activities/10013073226.gpx,,,2013.0,1958.0,3013.60009765625,4.108007907867430,1.5391216278076200,52.317779541015600,49.317779541015600,1097.0999755859400,1145.800048828130,18.69158935546880,0.09954871237277990,,,,,,,,,268.7565612792970,,,,,,,,,,,,,,,,0.0,,1.0,3124.800048828130,,,,,,,,,,,,,,,,14380849.0,,,,,,,,,,0.0,1.4970691204071000,2827.10009765625,,,,3258.0,media/6EE6FC1B-5288-4561-ABD5-9E1777F473DB.jpg